medium,subject,body
email,Collaboration with 3M Commercial Solutions,"

Subject: Collaboration Opportunity with 3M Commercial Solutions

Dear [Contact Name],

I am reaching out to you from [Your Company Name] to express our interest in exploring a potential collaboration opportunity with 3M Commercial Solutions. We understand that your company is a leader in providing innovative solutions for the commercial sector, and we believe that our expertise and resources could complement your offerings.

At [Your Company Name], we specialize in [Brief description of your company's services/products]. Our team has a proven track record of delivering high-quality solutions to our clients, and we are always looking for new partnerships to expand our reach and impact.

We are particularly impressed by 3M's commitment to sustainability and your dedication to providing sustainable solutions to your customers. We share a similar vision and values, and we believe that working together could lead to a mutually beneficial relationship.

We would appreciate the opportunity to discuss how we can collaborate and add value to each other's businesses. Our team is open to exploring different ways of partnering, such as joint ventures, co-branding opportunities, or any other ideas you may have.

Thank you for considering our proposal. We look forward to hearing back from you and discussing this further.

Best regards,

[Your Name] "
